{"Episode reward": -220.75, "Episode actual reward": -578.7583743766261, "Checkpoint reached": 45, "largest_steps": 95, "highest_speed": 60.16360743365407, "avg10_checkpoints": 47.5, "avg10_score": -348.9583333333333, "avg10_actual_score": -485.7780740977596, "highest_actual_score": -426.2008894707618, "_timestamp": 1652046110, "_runtime": 119, "_step": 399, "_wandb": {"runtime": 116}}