{"_runtime": 1042, "_timestamp": 1652047139, "largest_steps": 133, "Checkpoint reached": 60, "highest_actual_score": -426.2008894707618, "Episode actual reward": -531.7132734880913, "_step": 3308, "avg10_score": -462.52272727272725, "highest_speed": 60.850570655838084, "Episode reward": -273.0, "avg10_checkpoints": 75.0, "avg10_actual_score": -674.3455471421222}