{"_runtime": 1041, "_timestamp": 1652047138, "largest_steps": 133, "Checkpoint reached": 45, "highest_actual_score": -426.2008894707618, "Episode actual reward": -543.6880918427067, "_step": 3302, "avg10_score": -462.52272727272725, "highest_speed": 60.850570655838084, "Episode reward": -252.75, "avg10_checkpoints": 75.0, "avg10_actual_score": -674.3455471421222}