{"avg10_checkpoints": 0.0, "highest_actual_score": -1000.0, "Episode actual reward": -241.33592989862353, "_timestamp": 1651862090, "avg10_score": -32.0, "largest_steps": 16, "Episode reward": -325.5, "_step": 403, "_runtime": 180, "highest_speed": 0, "Checkpoint reached": 90, "avg10_actual_score": -29.708445781024874}