{"Episode actual reward": -564.3609325694681, "_step": 1417, "avg10_score": -455.1363636363636, "highest_speed": 55.19055704724551, "Episode reward": -233, "avg10_checkpoints": 73.63636363636364, "Checkpoint reached": 60, "highest_actual_score": -508.7256826901824, "_runtime": 328, "_timestamp": 1651862330, "largest_steps": 109, "avg10_actual_score": -700.3909128709864, "_wandb": {"runtime": 1}}