{"_runtime": 120, "_timestamp": 1652044316, "highest_actual_score": -509.65896412590234, "Episode actual reward": -596.8753261465029, "Episode reward": -80, "avg10_checkpoints": 60, "Checkpoint reached": 0, "_step": 399, "avg10_score": -337.3333333333333, "highest_speed": 49.80774850943321, "largest_steps": 116, "avg10_actual_score": -427.4031545586713, "_wandb": {"runtime": 118}}