{"highest_speed": 55.19055704724551, "Episode reward": -68, "Checkpoint reached": 0, "highest_actual_score": -508.7256826901824, "Episode actual reward": -699.8057617155758, "avg10_actual_score": -709.9552729358826, "_step": 1530, "_runtime": 344, "_timestamp": 1651862346, "avg10_score": -462.5681818181818, "largest_steps": 109, "avg10_checkpoints": 77.72727272727273}