{"_runtime": 184, "avg10_score": -361.5, "highest_speed": 24.699224706630503, "largest_steps": 116, "Episode reward": -28, "avg10_checkpoints": 70, "avg10_actual_score": -352.32376406541533, "highest_actual_score": -447.8447591204032, "Episode actual reward": -594.9195948079181, "_step": 591, "_timestamp": 1652045151, "Checkpoint reached": 0, "_wandb": {"runtime": 1}}