{"Episode reward": -80, "Episode actual reward": -596.8753261465029, "Checkpoint reached": 0, "largest_steps": 116, "highest_speed": 49.80774850943321, "avg10_checkpoints": 60.0, "avg10_score": -337.3333333333333, "avg10_actual_score": -427.4031545586713, "highest_actual_score": -509.65896412590234, "_timestamp": 1652044316, "_runtime": 120, "_step": 399, "_wandb": {"runtime": 117}}