{"highest_actual_score": -435.0083661259748, "_runtime": 141, "avg10_score": -291.125, "highest_speed": 19.06434063648339, "Episode reward": -285.25, "avg10_checkpoints": 67.5, "Episode actual reward": -401.6548954452292, "_step": 300, "_timestamp": 1651861368, "largest_steps": 104, "Checkpoint reached": 75, "avg10_actual_score": -217.5041830629874, "_wandb": {"runtime": 52}}