{"Episode reward": -2708.75, "Episode actual reward": -400.2266010238612, "Checkpoint reached": 45, "largest_steps": 159, "highest_speed": 66.96382995367924, "avg10_checkpoints": 106.36363636363636, "avg10_score": -495.40909090909093, "avg10_actual_score": -632.4813295397189, "highest_actual_score": -432.8771927196724, "_timestamp": 1651740739, "_runtime": 334, "_step": 1979}