{"Episode reward": -657.75, "Episode actual reward": -642.2759939998593, "Checkpoint reached": 165, "largest_steps": 97, "highest_speed": 17.80003483616639, "avg10_checkpoints": 56.25, "avg10_score": -307.4375, "avg10_actual_score": -342.52897852147544, "highest_actual_score": -498.562235254857, "_timestamp": 1651992685, "_runtime": 96, "_step": 346}