{"_step": 1709, "_timestamp": 1651740741, "avg10_score": -251.3181818181818, "largest_steps": 48, "Episode reward": -60, "avg10_checkpoints": 51.81818181818182, "Checkpoint reached": 0, "highest_actual_score": -300.7846925364691, "_runtime": 331, "highest_speed": 59.258497957081815, "avg10_actual_score": -731.1340493098737, "Episode actual reward": -874.1115668388508}