{"avg10_score": -348.9583333333333, "highest_speed": 60.16360743365407, "largest_steps": 95, "Episode reward": -220.75, "avg10_checkpoints": 47.5, "avg10_actual_score": -485.7780740977596, "_step": 799, "_runtime": 266, "_timestamp": 1652045865, "Checkpoint reached": 45, "highest_actual_score": -426.2008894707618, "Episode actual reward": -578.7583743766261, "_wandb": {"runtime": 257}}