{"largest_steps": 45, "highest_actual_score": -293.34273944828584, "Episode actual reward": -1002.1661886011668, "avg10_score": -245.9090909090909, "highest_speed": 56.79264337627791, "_runtime": 119, "_timestamp": 1651741103, "Episode reward": -292.5, "avg10_checkpoints": 54.54545454545455, "Checkpoint reached": 30, "avg10_actual_score": -626.5154200092062, "_step": 340, "_wandb": {"runtime": 128}}