{"_timestamp": 1651993377, "avg10_score": -287.1818181818182, "Checkpoint reached": 75, "avg10_actual_score": -864.9675423425901, "highest_actual_score": -392.5350694093297, "_step": 1084, "_runtime": 447, "highest_speed": 30.150793556166764, "largest_steps": 45, "Episode reward": -149.25, "avg10_checkpoints": 54.54545454545455, "Episode actual reward": -720.0078740489749}