{"Episode reward": -406.5, "avg10_checkpoints": 70.0, "avg10_actual_score": -352.32376406541533, "Episode actual reward": -712.845729789196, "_timestamp": 1652045157, "highest_speed": 24.699224706630506, "largest_steps": 116, "Checkpoint reached": 30, "highest_actual_score": -447.8447591204032, "_step": 638, "_runtime": 190, "avg10_score": -361.5}